{"cameraMode":{"drawMode":0,"name":"Shaded","section":"Shading Mode"},"sceneLighting":true,"audioPlay":false,"sceneViewState":{"showFog":true,"showMaterialUpdate":false,"showSkybox":true,"showFlares":true,"showImageEffects":true,"showParticleSystems":true},"in2DMode":false,"pivot":{"x":-1.7901649475097657,"y":3.2913942337036135,"z":-7.145040512084961},"rotation":{"x":0.13006867468357087,"y":0.29131385684013369,"z":-0.040009576827287677,"w":0.9469341039657593},"size":113.12251281738281,"orthographic":false}